{
  "username" : "u1",
  "password" : "1",
  "tags" : [ "tag1", "tag4", "tag2", "tag3" ],
  "blog" : [ {
    "author" : "u1",
    "postId" : 2,
    "title" : "First post",
    "content" : "First post of u1",
    "comments" : [ {
      "author" : "u2",
      "content" : "First comment of u2",
      "timestamp" : 1662039365278
    }, {
      "author" : "u3",
      "content" : "This is not the real first post",
      "timestamp" : 1662042664260
    } ],
    "ratings" : [ {
      "user" : "u2",
      "rate" : 1,
      "timestamp" : 1662039349202
    }, {
      "user" : "u3",
      "rate" : -1,
      "timestamp" : 1662042650226
    } ],
    "timesChecked" : {
      "value" : 7
    }
  }, {
    "author" : "u1",
    "postId" : 3,
    "title" : "Another one",
    "content" : "Second post of u1",
    "comments" : [ ],
    "ratings" : [ {
      "user" : "u2",
      "rate" : 1,
      "timestamp" : 1662039353762
    }, {
      "user" : "u3",
      "rate" : 1,
      "timestamp" : 1662042652944
    } ],
    "timesChecked" : {
      "value" : 7
    }
  } ],
  "followedUsers" : [ "u2" ],
  "wallet" : [ {
    "reward" : 1.5,
    "timestamp" : 1662042943194
  }, {
    "reward" : 0.083333336,
    "timestamp" : 1662116806544
  } ]
}