{
  "username" : "u3",
  "password" : "3",
  "tags" : [ "tag1", "tag5", "tag3" ],
  "blog" : [ {
    "author" : "u3",
    "postId" : 6,
    "title" : "This is u3",
    "content" : "This post was made by user n.3 for testing purpose",
    "comments" : [ ],
    "ratings" : [ ],
    "timesChecked" : {
      "value" : 7
    }
  } ],
  "followedUsers" : [ "u1", "u2" ],
  "wallet" : [ {
    "reward" : 0.25,
    "timestamp" : 1662042943194
  }, {
    "reward" : 0.20833334,
    "timestamp" : 1662116806544
  } ]
}