{
  "username" : "u6",
  "password" : "6",
  "tags" : [ "tag1", "tag5", "tag3" ],
  "blog" : [ {
    "author" : "u1",
    "postId" : 2,
    "title" : "First post",
    "content" : "First post of u1",
    "comments" : [ {
      "author" : "u2",
      "content" : "First comment of u2",
      "timestamp" : 1662039365278
    }, {
      "author" : "u3",
      "content" : "This is not the real first post",
      "timestamp" : 1662042664260
    } ],
    "ratings" : [ {
      "user" : "u2",
      "rate" : 1,
      "timestamp" : 1662039349202
    }, {
      "user" : "u3",
      "rate" : -1,
      "timestamp" : 1662042650226
    } ],
    "timesChecked" : {
      "value" : 7
    }
  }, {
    "author" : "u2",
    "postId" : 5,
    "title" : "Finance question",
    "content" : "Who have the most wincoins here?",
    "comments" : [ {
      "author" : "u3",
      "content" : "I'd bet it's u1, they're thefirst one who got here",
      "timestamp" : 1662115925801
    }, {
      "author" : "u4",
      "content" : "Maybe you'll bethe one soon",
      "timestamp" : 1662116152102
    }, {
      "author" : "u1",
      "content" : "If this was a trick to get points, it's probably working",
      "timestamp" : 1662116491847
    } ],
    "ratings" : [ {
      "user" : "u1",
      "rate" : -1,
      "timestamp" : 1662116413440
    } ],
    "timesChecked" : {
      "value" : 5
    }
  }, {
    "author" : "u3",
    "postId" : 6,
    "title" : "This is u3",
    "content" : "This post was made by user n.3 for testing purpose",
    "comments" : [ ],
    "ratings" : [ ],
    "timesChecked" : {
      "value" : 7
    }
  } ],
  "followedUsers" : [ "u3", "u2", "u1" ],
  "wallet" : [ ]
}